{
  "type" : "image",
  "data" : {
    "orientation" : 1,
    "alpha" : false,
    "width" : 1179,
    "resolution" : {
      "x" : 93.980003356933594,
      "y" : 93.980003356933594,
      "unit" : "dpi"
    },
    "height" : 835
  }
}